{
    "$schema": "https://schema.management.azure.com/schemas/2015-01-01/deploymentParameters.json#",
    "contentVersion": "1.0.0.0",
    "parameters": {
        "subscriptionId": {
            "value": "aaa15e5f-f196-4713-8542-40c7f661a390"
        },
        "name": {
            "value": "liftr"
        },
        "location": {
            "value": "France Central"
        },
        "hostingPlanName": {
            "value": "ASP-tfgdeploy-83a1"
        },
        "serverFarmResourceGroup": {
            "value": "tfg-deploy"
        },
        "alwaysOn": {
            "value": false
        },
        "sku": {
            "value": "Free"
        },
        "skuCode": {
            "value": "F1"
        },
        "workerSize": {
            "value": "0"
        },
        "workerSizeId": {
            "value": "0"
        },
        "numberOfWorkers": {
            "value": "1"
        },
        "linuxFxVersion": {
            "value": "NODE|12-lts"
        }
    }
}