{
    "$schema": "http://schema.management.azure.com/schemas/2015-01-01/deploymentTemplate.json#",
    "contentVersion": "1.0.0.0",
    "parameters": {
        "subscriptionId": {
            "type": "String"
        },
        "name": {
            "type": "String"
        },
        "location": {
            "type": "String"
        },
        "hostingPlanName": {
            "type": "String"
        },
        "serverFarmResourceGroup": {
            "type": "String"
        },
        "alwaysOn": {
            "type": "Bool"
        },
        "sku": {
            "type": "String"
        },
        "skuCode": {
            "type": "String"
        },
        "workerSize": {
            "type": "String"
        },
        "workerSizeId": {
            "type": "String"
        },
        "numberOfWorkers": {
            "type": "String"
        },
        "linuxFxVersion": {
            "type": "String"
        }
    },
    "resources": [
        {
            "type": "Microsoft.Web/sites",
            "apiVersion": "2018-11-01",
            "name": "[parameters('name')]",
            "location": "[parameters('location')]",
            "dependsOn": [
                "microsoft.insights/components/liftr",
                "[concat('Microsoft.Web/serverfarms/', parameters('hostingPlanName'))]"
            ],
            "tags": {},
            "properties": {
                "name": "[parameters('name')]",
                "siteConfig": {
                    "appSettings": [
                        {
                            "name": "APPINSIGHTS_INSTRUMENTATIONKEY",
                            "value": "[reference('microsoft.insights/components/liftr', '2015-05-01').InstrumentationKey]"
                        },
                        {
                            "name": "APPLICATIONINSIGHTS_CONNECTION_STRING",
                            "value": "[reference('microsoft.insights/components/liftr', '2015-05-01').ConnectionString]"
                        },
                        {
                            "name": "ApplicationInsightsAgent_EXTENSION_VERSION",
                            "value": "~2"
                        },
                        {
                            "name": "XDT_MicrosoftApplicationInsights_Mode",
                            "value": "default"
                        }
                    ],
                    "linuxFxVersion": "[parameters('linuxFxVersion')]",
                    "alwaysOn": "[parameters('alwaysOn')]"
                },
                "serverFarmId": "[concat('/subscriptions/', parameters('subscriptionId'),'/resourcegroups/', parameters('serverFarmResourceGroup'), '/providers/Microsoft.Web/serverfarms/', parameters('hostingPlanName'))]",
                "clientAffinityEnabled": false
            }
        },
        {
            "type": "Microsoft.Web/serverfarms",
            "apiVersion": "2018-11-01",
            "name": "[parameters('hostingPlanName')]",
            "location": "[parameters('location')]",
            "dependsOn": [],
            "tags": {},
            "sku": {
                "Tier": "[parameters('sku')]",
                "Name": "[parameters('skuCode')]"
            },
            "kind": "linux",
            "properties": {
                "name": "[parameters('hostingPlanName')]",
                "workerSize": "[parameters('workerSize')]",
                "workerSizeId": "[parameters('workerSizeId')]",
                "numberOfWorkers": "[parameters('numberOfWorkers')]",
                "reserved": true
            }
        },
        {
            "type": "microsoft.insights/components",
            "apiVersion": "2020-02-02-preview",
            "name": "liftr",
            "location": "francecentral",
            "dependsOn": [
                "newWorkspaceTemplate"
            ],
            "tags": {},
            "properties": {
                "ApplicationId": "[parameters('name')]",
                "Request_Source": "IbizaWebAppExtensionCreate",
                "Flow_Type": "Redfield",
                "Application_Type": "web",
                "WorkspaceResourceId": "/subscriptions/aaa15e5f-f196-4713-8542-40c7f661a390/resourceGroups/DefaultResourceGroup-CUS/providers/Microsoft.OperationalInsights/workspaces/DefaultWorkspace-aaa15e5f-f196-4713-8542-40c7f661a390-CUS"
            }
        },
        {
            "type": "Microsoft.Resources/deployments",
            "apiVersion": "2019-10-01",
            "name": "newWorkspaceTemplate",
            "properties": {
                "mode": "Incremental",
                "template": {
                    "$schema": "https://schema.management.azure.com/schemas/2015-01-01/deploymentTemplate.json#",
                    "contentVersion": "1.0.0.0",
                    "parameters": {},
                    "variables": {},
                    "resources": [
                        {
                            "apiVersion": "2020-08-01",
                            "name": "DefaultWorkspace-aaa15e5f-f196-4713-8542-40c7f661a390-CUS",
                            "type": "Microsoft.OperationalInsights/workspaces",
                            "location": "centralus",
                            "properties": {}
                        }
                    ]
                }
            },
            "subscriptionId": "[parameters('subscriptionId')]",
            "resourceGroup": "DefaultResourceGroup-CUS"
        }
    ]
}